Mod:Item:MetaData, Localized Name
minecraft:air, 空气
minecraft:stone:0, 石头
minecraft:stone:1, 花岗岩
minecraft:stone:2, 磨制花岗岩
minecraft:stone:3, 闪长岩
minecraft:stone:4, 磨制闪长岩
minecraft:stone:5, 安山岩
minecraft:stone:6, 磨制安山岩
minecraft:grass, 草方块
minecraft:dirt:0, 泥土
minecraft:dirt:1, 砂土
minecraft:dirt:2, 灰化土
minecraft:cobblestone, 圆石
minecraft:planks:0, 橡木木板
minecraft:planks:1, 云杉木板
minecraft:planks:2, 白桦木板
minecraft:planks:3, 丛林木板
minecraft:planks:4, 金合欢木板
minecraft:planks:5, 深色橡木木板
minecraft:sapling:0, 橡树树苗
minecraft:sapling:1, 云杉树苗
minecraft:sapling:2, 白桦树苗
minecraft:sapling:3, 丛林树苗
minecraft:sapling:4, 金合欢树苗
minecraft:sapling:5, 深色橡树树苗
minecraft:bedrock, 基岩
minecraft:sand:0, 沙子
minecraft:sand:1, 红沙
minecraft:gravel, 沙砾
minecraft:gold_ore, 金矿石
minecraft:iron_ore, 铁矿石
minecraft:coal_ore, 煤矿石
minecraft:log:0, 橡木
minecraft:log:1, 云杉木
minecraft:log:2, 白桦木
minecraft:log:3, 丛林木
minecraft:leaves:0, 橡树树叶
minecraft:leaves:1, 云杉树叶
minecraft:leaves:2, 白桦树叶
minecraft:leaves:3, 丛林树叶
minecraft:sponge:0, 海绵
minecraft:sponge:1, 湿海绵
minecraft:glass, 玻璃
minecraft:lapis_ore, 青金石矿石
minecraft:lapis_block, 青金石块
minecraft:dispenser, 发射器
minecraft:sandstone:0, 砂岩
minecraft:sandstone:1, 錾制砂岩
minecraft:sandstone:2, 平滑砂岩
minecraft:noteblock, 音符盒
minecraft:golden_rail, 充能铁轨
minecraft:detector_rail, 探测铁轨
minecraft:sticky_piston, 粘性活塞
minecraft:web, 蜘蛛网
minecraft:tallgrass:1, 草
minecraft:tallgrass:2, 蕨
minecraft:deadbush, 枯死的灌木
minecraft:piston, 活塞
minecraft:wool:0, 白色羊毛
minecraft:wool:1, 橙色羊毛
minecraft:wool:2, 品红色羊毛
minecraft:wool:3, 淡蓝色羊毛
minecraft:wool:4, 黄色羊毛
minecraft:wool:5, 黄绿色羊毛
minecraft:wool:6, 粉红色羊毛
minecraft:wool:7, 灰色羊毛
minecraft:wool:8, 淡灰色羊毛
minecraft:wool:9, 青色羊毛
minecraft:wool:10, 紫色羊毛
minecraft:wool:11, 蓝色羊毛
minecraft:wool:12, 棕色羊毛
minecraft:wool:13, 绿色羊毛
minecraft:wool:14, 红色羊毛
minecraft:wool:15, 黑色羊毛
minecraft:yellow_flower:0, 蒲公英
minecraft:red_flower:0, 虞美人
minecraft:red_flower:1, 兰花
minecraft:red_flower:2, 绒球葱
minecraft:red_flower:3, 茜草花
minecraft:red_flower:4, 红色郁金香
minecraft:red_flower:5, 橙色郁金香
minecraft:red_flower:6, 白色郁金香
minecraft:red_flower:7, 粉红色郁金香
minecraft:red_flower:8, 滨菊
minecraft:brown_mushroom, 蘑菇
minecraft:red_mushroom, 蘑菇
minecraft:gold_block, 金块
minecraft:iron_block, 铁块
minecraft:stone_slab:0, 石台阶
minecraft:stone_slab:1, 砂岩台阶
minecraft:stone_slab:3, 圆石台阶
minecraft:stone_slab:4, 砖台阶
minecraft:stone_slab:5, 石砖台阶
minecraft:stone_slab:6, 地狱砖台阶
minecraft:stone_slab:7, 石英台阶
minecraft:brick_block, 砖块
minecraft:tnt, TNT
minecraft:bookshelf, 书架
minecraft:mossy_cobblestone, 苔石
minecraft:obsidian, 黑曜石
minecraft:torch, 火把
minecraft:mob_spawner, 刷怪箱
minecraft:oak_stairs, 橡木楼梯
minecraft:chest, 箱子
minecraft:diamond_ore, 钻石矿石
minecraft:diamond_block, 钻石块
minecraft:crafting_table, 工作台
minecraft:farmland, 耕地
minecraft:furnace, 熔炉
minecraft:ladder, 梯子
minecraft:rail, 铁轨
minecraft:stone_stairs, 圆石楼梯
minecraft:lever, 拉杆
minecraft:stone_pressure_plate, 石质压力板
minecraft:wooden_pressure_plate, 木质压力板
minecraft:redstone_ore, 红石矿石
minecraft:redstone_torch, 红石火把
minecraft:stone_button, 按钮
minecraft:snow_layer, 雪
minecraft:ice, 冰
minecraft:snow, 雪
minecraft:cactus, 仙人掌
minecraft:clay, 粘土块
minecraft:jukebox, 唱片机
minecraft:fence, 橡木栅栏
minecraft:pumpkin, 南瓜
minecraft:netherrack, 地狱岩
minecraft:soul_sand, 灵魂沙
minecraft:glowstone, 荧石
minecraft:lit_pumpkin, 南瓜灯
minecraft:stained_glass:0, 白色染色玻璃
minecraft:stained_glass:1, 橙色染色玻璃
minecraft:stained_glass:2, 品红色染色玻璃
minecraft:stained_glass:3, 淡蓝色染色玻璃
minecraft:stained_glass:4, 黄色染色玻璃
minecraft:stained_glass:5, 黄绿色染色玻璃
minecraft:stained_glass:6, 粉红色染色玻璃
minecraft:stained_glass:7, 灰色染色玻璃
minecraft:stained_glass:8, 淡灰色染色玻璃
minecraft:stained_glass:9, 青色染色玻璃
minecraft:stained_glass:10, 紫色染色玻璃
minecraft:stained_glass:11, 蓝色染色玻璃
minecraft:stained_glass:12, 棕色染色玻璃
minecraft:stained_glass:13, 绿色染色玻璃
minecraft:stained_glass:14, 红色染色玻璃
minecraft:stained_glass:15, 黑色染色玻璃
minecraft:trapdoor, 活板门
minecraft:monster_egg:0, 石头怪物蛋
minecraft:monster_egg:1, 圆石怪物蛋
minecraft:monster_egg:2, 石砖怪物蛋
minecraft:monster_egg:3, 苔石砖怪物蛋
minecraft:monster_egg:4, 裂石砖怪物蛋
minecraft:monster_egg:5, 錾制石砖怪物蛋
minecraft:stonebrick:0, 石砖
minecraft:stonebrick:1, 苔石砖
minecraft:stonebrick:2, 裂石砖
minecraft:stonebrick:3, 錾制石砖
minecraft:brown_mushroom_block, 蘑菇
minecraft:red_mushroom_block, 蘑菇
minecraft:iron_bars, 铁栏杆
minecraft:glass_pane, 玻璃板
minecraft:melon_block, 西瓜
minecraft:vine, 藤蔓
minecraft:fence_gate, 橡木栅栏门
minecraft:brick_stairs, 砖楼梯
minecraft:stone_brick_stairs, 石砖楼梯
minecraft:mycelium, 菌丝
minecraft:waterlily, 睡莲
minecraft:nether_brick, 地狱砖
minecraft:nether_brick_fence, 地狱砖栅栏
minecraft:nether_brick_stairs, 地狱砖楼梯
minecraft:enchanting_table, 附魔台
minecraft:end_portal_frame, 末地传送门
minecraft:end_stone, 末地石
minecraft:dragon_egg, 龙蛋
minecraft:redstone_lamp, 红石灯
minecraft:wooden_slab:0, 橡木台阶
minecraft:wooden_slab:1, 云杉木台阶
minecraft:wooden_slab:2, 桦木台阶
minecraft:wooden_slab:3, 丛林木台阶
minecraft:wooden_slab:4, 金合欢木台阶
minecraft:wooden_slab:5, 深色橡木台阶
minecraft:sandstone_stairs, 砂岩楼梯
minecraft:emerald_ore, 绿宝石矿石
minecraft:ender_chest, 末影箱
minecraft:tripwire_hook, 绊线钩
minecraft:emerald_block, 绿宝石块
minecraft:spruce_stairs, 云杉木楼梯
minecraft:birch_stairs, 桦木楼梯
minecraft:jungle_stairs, 丛林木楼梯
minecraft:command_block, 命令方块
minecraft:beacon, 信标
minecraft:cobblestone_wall:0, 圆石墙
minecraft:cobblestone_wall:1, 苔石墙
minecraft:wooden_button, 按钮
minecraft:anvil:0, 铁砧
minecraft:anvil:1, 轻微损坏的铁砧
minecraft:anvil:2, 严重损坏的铁砧
minecraft:trapped_chest, 陷阱箱
minecraft:light_weighted_pressure_plate, 测重压力板（轻质）
minecraft:heavy_weighted_pressure_plate, 测重压力板（重质）
minecraft:daylight_detector, 阳光传感器
minecraft:redstone_block, 红石块
minecraft:quartz_ore, 下界石英矿石
minecraft:hopper, 漏斗
minecraft:quartz_block:0, 石英块
minecraft:quartz_block:1, 錾制石英块
minecraft:quartz_block:2, 竖纹石英块
minecraft:quartz_stairs, 石英楼梯
minecraft:activator_rail, 激活铁轨
minecraft:dropper, 投掷器
minecraft:stained_hardened_clay:0, 白色陶瓦
minecraft:stained_hardened_clay:1, 橙色陶瓦
minecraft:stained_hardened_clay:2, 品红色陶瓦
minecraft:stained_hardened_clay:3, 淡蓝色陶瓦
minecraft:stained_hardened_clay:4, 黄色陶瓦
minecraft:stained_hardened_clay:5, 黄绿色陶瓦
minecraft:stained_hardened_clay:6, 粉红色陶瓦
minecraft:stained_hardened_clay:7, 灰色陶瓦
minecraft:stained_hardened_clay:8, 淡灰色陶瓦
minecraft:stained_hardened_clay:9, 青色陶瓦
minecraft:stained_hardened_clay:10, 紫色陶瓦
minecraft:stained_hardened_clay:11, 蓝色陶瓦
minecraft:stained_hardened_clay:12, 棕色陶瓦
minecraft:stained_hardened_clay:13, 绿色陶瓦
minecraft:stained_hardened_clay:14, 红色陶瓦
minecraft:stained_hardened_clay:15, 黑色陶瓦
minecraft:stained_glass_pane:0, 白色染色玻璃板
minecraft:stained_glass_pane:1, 橙色染色玻璃板
minecraft:stained_glass_pane:2, 品红色染色玻璃板
minecraft:stained_glass_pane:3, 淡蓝色染色玻璃板
minecraft:stained_glass_pane:4, 黄色染色玻璃板
minecraft:stained_glass_pane:5, 黄绿色染色玻璃板
minecraft:stained_glass_pane:6, 粉红色染色玻璃板
minecraft:stained_glass_pane:7, 灰色染色玻璃板
minecraft:stained_glass_pane:8, 淡灰色染色玻璃板
minecraft:stained_glass_pane:9, 青色染色玻璃板
minecraft:stained_glass_pane:10, 紫色染色玻璃板
minecraft:stained_glass_pane:11, 蓝色染色玻璃板
minecraft:stained_glass_pane:12, 棕色染色玻璃板
minecraft:stained_glass_pane:13, 绿色染色玻璃板
minecraft:stained_glass_pane:14, 红色染色玻璃板
minecraft:stained_glass_pane:15, 黑色染色玻璃板
minecraft:leaves2:0, 金合欢树叶
minecraft:leaves2:1, 深色橡树树叶
minecraft:log2:0, 金合欢木
minecraft:log2:1, 深色橡木
minecraft:acacia_stairs, 金合欢木楼梯
minecraft:dark_oak_stairs, 深色橡木楼梯 
minecraft:slime, 粘液块
minecraft:barrier, 屏障
minecraft:iron_trapdoor, 铁活板门
minecraft:prismarine:0, 海晶石
minecraft:prismarine:1, 海晶石砖
minecraft:prismarine:2, 暗海晶石
minecraft:sea_lantern, 海晶灯
minecraft:hay_block, 干草块
minecraft:carpet:0, 白色地毯
minecraft:carpet:1, 橙色地毯
minecraft:carpet:2, 品红色地毯
minecraft:carpet:3, 淡蓝色地毯
minecraft:carpet:4, 黄色地毯
minecraft:carpet:5, 黄绿色地毯
minecraft:carpet:6, 粉红色地毯
minecraft:carpet:7, 灰色地毯
minecraft:carpet:8, 淡灰色地毯
minecraft:carpet:9, 青色地毯
minecraft:carpet:10, 紫色地毯
minecraft:carpet:11, 蓝色地毯
minecraft:carpet:12, 棕色地毯
minecraft:carpet:13, 绿色地毯
minecraft:carpet:14, 红色地毯
minecraft:carpet:15, 黑色地毯
minecraft:hardened_clay, 陶瓦
minecraft:coal_block, 煤炭块
minecraft:packed_ice, 浮冰
minecraft:double_plant:0, 向日葵
minecraft:double_plant:1, 丁香
minecraft:double_plant:2, 高草丛
minecraft:double_plant:3, 大型蕨
minecraft:double_plant:4, 玫瑰丛
minecraft:double_plant:5, 牡丹
minecraft:red_sandstone:0, 红砂岩
minecraft:red_sandstone:1, 錾制红砂岩
minecraft:red_sandstone:2, 平滑红砂岩
minecraft:red_sandstone_stairs, 红砂岩楼梯
minecraft:stone_slab2:0, 红砂岩台阶
minecraft:spruce_fence_gate, 云杉木栅栏门
minecraft:birch_fence_gate, 白桦木栅栏门
minecraft:jungle_fence_gate, 丛林木栅栏门
minecraft:dark_oak_fence_gate, 深色橡木栅栏门
minecraft:acacia_fence_gate, 金合欢栅栏门
minecraft:spruce_fence, 云杉木栅栏
minecraft:birch_fence, 白桦木栅栏
minecraft:jungle_fence, 丛林木栅栏
minecraft:dark_oak_fence, 深色橡木栅栏
minecraft:acacia_fence, 金合欢栅栏
minecraft:end_rod, 末地烛
minecraft:chorus_plant, 紫颂植物
minecraft:chorus_flower, 紫颂花
minecraft:purpur_block, 紫珀块
minecraft:purpur_pillar, 竖纹紫珀块
minecraft:purpur_stairs, 紫珀楼梯
minecraft:purpur_slab:0, 紫珀台阶
minecraft:end_bricks, 末地石砖
minecraft:grass_path, 草径
minecraft:repeating_command_block, 循环型命令方块
minecraft:chain_command_block, 连锁型命令方块
minecraft:magma, 岩浆块
minecraft:nether_wart_block, 地狱疣块
minecraft:red_nether_brick, 红色地狱砖
minecraft:bone_block, 骨块
minecraft:structure_void, 结构空位
minecraft:observer, 侦测器
minecraft:white_shulker_box, 白色潜影盒
minecraft:orange_shulker_box, 橙色潜影盒
minecraft:magenta_shulker_box, 品红色潜影盒
minecraft:light_blue_shulker_box, 淡蓝色潜影盒
minecraft:yellow_shulker_box, 黄色潜影盒
minecraft:lime_shulker_box, 黄绿色潜影盒
minecraft:pink_shulker_box, 粉红色潜影盒
minecraft:gray_shulker_box, 灰色潜影盒
minecraft:silver_shulker_box, 淡灰色潜影盒
minecraft:cyan_shulker_box, 青色潜影盒
minecraft:purple_shulker_box, 紫色潜影盒
minecraft:blue_shulker_box, 蓝色潜影盒
minecraft:brown_shulker_box, 棕色潜影盒
minecraft:green_shulker_box, 绿色潜影盒
minecraft:red_shulker_box, 红色潜影盒
minecraft:black_shulker_box, 黑色潜影盒
minecraft:white_glazed_terracotta, 白色带釉陶瓦
minecraft:orange_glazed_terracotta, 橙色带釉陶瓦
minecraft:magenta_glazed_terracotta, 品红色带釉陶瓦
minecraft:light_blue_glazed_terracotta, 淡蓝色带釉陶瓦
minecraft:yellow_glazed_terracotta, 黄色带釉陶瓦
minecraft:lime_glazed_terracotta, 黄绿色带釉陶瓦
minecraft:pink_glazed_terracotta, 粉红色带釉陶瓦
minecraft:gray_glazed_terracotta, 灰色带釉陶瓦
minecraft:silver_glazed_terracotta, 淡灰色带釉陶瓦
minecraft:cyan_glazed_terracotta, 青色带釉陶瓦
minecraft:purple_glazed_terracotta, 紫色带釉陶瓦
minecraft:blue_glazed_terracotta, 蓝色带釉陶瓦
minecraft:brown_glazed_terracotta, 棕色带釉陶瓦
minecraft:green_glazed_terracotta, 绿色带釉陶瓦
minecraft:red_glazed_terracotta, 红色带釉陶瓦
minecraft:black_glazed_terracotta, 黑色带釉陶瓦
minecraft:concrete:0, 白色混凝土
minecraft:concrete:1, 橙色混凝土
minecraft:concrete:2, 品红色混凝土
minecraft:concrete:3, 淡蓝色混凝土
minecraft:concrete:4, 黄色混凝土
minecraft:concrete:5, 黄绿色混凝土
minecraft:concrete:6, 粉红色混凝土
minecraft:concrete:7, 灰色混凝土
minecraft:concrete:8, 淡灰色混凝土
minecraft:concrete:9, 青色混凝土
minecraft:concrete:10, 紫色混凝土
minecraft:concrete:11, 蓝色混凝土
minecraft:concrete:12, 棕色混凝土
minecraft:concrete:13, 绿色混凝土
minecraft:concrete:14, 红色混凝土
minecraft:concrete:15, 黑色混凝土
minecraft:concrete_powder:0, 白色混凝土粉末
minecraft:concrete_powder:1, 橙色混凝土粉末
minecraft:concrete_powder:2, 品红色混凝土粉末
minecraft:concrete_powder:3, 淡蓝色混凝土粉末
minecraft:concrete_powder:4, 黄色混凝土粉末
minecraft:concrete_powder:5, 黄绿色混凝土粉末
minecraft:concrete_powder:6, 粉红色混凝土粉末
minecraft:concrete_powder:7, 灰色混凝土粉末
minecraft:concrete_powder:8, 淡灰色混凝土粉末
minecraft:concrete_powder:9, 青色混凝土粉末
minecraft:concrete_powder:10, 紫色混凝土粉末
minecraft:concrete_powder:11, 蓝色混凝土粉末
minecraft:concrete_powder:12, 棕色混凝土粉末
minecraft:concrete_powder:13, 绿色混凝土粉末
minecraft:concrete_powder:14, 红色混凝土粉末
minecraft:concrete_powder:15, 黑色混凝土粉末
minecraft:structure_block, 结构方块
minecraft:iron_shovel, 铁锹
minecraft:iron_pickaxe, 铁镐
minecraft:iron_axe, 铁斧
minecraft:flint_and_steel, 打火石
minecraft:apple, 苹果
minecraft:bow, 弓
minecraft:arrow, 箭
minecraft:coal:0, 煤炭
minecraft:coal:1, 木炭
minecraft:diamond, 钻石
minecraft:iron_ingot, 铁锭
minecraft:gold_ingot, 金锭
minecraft:iron_sword, 铁剑
minecraft:wooden_sword, 木剑
minecraft:wooden_shovel, 木锹
minecraft:wooden_pickaxe, 木镐
minecraft:wooden_axe, 木斧
minecraft:stone_sword, 石剑
minecraft:stone_shovel, 石锹
minecraft:stone_pickaxe, 石镐
minecraft:stone_axe, 石斧
minecraft:diamond_sword, 钻石剑
minecraft:diamond_shovel, 钻石锹
minecraft:diamond_pickaxe, 钻石镐
minecraft:diamond_axe, 钻石斧
minecraft:stick, 木棍
minecraft:bowl, 碗
minecraft:mushroom_stew, 蘑菇煲
minecraft:golden_sword, 金剑
minecraft:golden_shovel, 金锹
minecraft:golden_pickaxe, 金镐
minecraft:golden_axe, 金斧
minecraft:string, 线
minecraft:feather, 羽毛
minecraft:gunpowder, 火药
minecraft:wooden_hoe, 木锄
minecraft:stone_hoe, 石锄
minecraft:iron_hoe, 铁锄
minecraft:diamond_hoe, 钻石锄
minecraft:golden_hoe, 金锄
minecraft:wheat_seeds, 小麦种子
minecraft:wheat, 小麦
minecraft:bread, 面包
minecraft:leather_helmet, 皮革帽子
minecraft:leather_chestplate, 皮革外套
minecraft:leather_leggings, 皮革裤子
minecraft:leather_boots, 皮革靴子
minecraft:chainmail_helmet, 锁链头盔
minecraft:chainmail_chestplate, 锁链胸甲
minecraft:chainmail_leggings, 锁链护腿
minecraft:chainmail_boots, 锁链靴子
minecraft:iron_helmet, 铁头盔
minecraft:iron_chestplate, 铁胸甲
minecraft:iron_leggings, 铁护腿
minecraft:iron_boots, 铁靴子
minecraft:diamond_helmet, 钻石头盔
minecraft:diamond_chestplate, 钻石胸甲
minecraft:diamond_leggings, 钻石护腿
minecraft:diamond_boots, 钻石靴子
minecraft:golden_helmet, 金头盔
minecraft:golden_chestplate, 金胸甲
minecraft:golden_leggings, 金护腿
minecraft:golden_boots, 金靴子
minecraft:flint, 燧石
minecraft:porkchop, 生猪排
minecraft:cooked_porkchop, 熟猪排
minecraft:painting, 画
minecraft:golden_apple:0, 金苹果
minecraft:golden_apple:1, 金苹果
minecraft:sign, 告示牌
minecraft:wooden_door, 橡木门
minecraft:bucket, 桶
minecraft:water_bucket, 水桶
minecraft:lava_bucket, 熔岩桶
minecraft:minecart, 矿车
minecraft:saddle, 鞍
minecraft:iron_door, 铁门
minecraft:redstone, 红石
minecraft:snowball, 雪球
minecraft:boat, 橡木船
minecraft:leather, 皮革
minecraft:milk_bucket, 牛奶
minecraft:brick, 红砖
minecraft:clay_ball, 粘土
minecraft:reeds, 甘蔗
minecraft:paper, 纸
minecraft:book, 书
minecraft:slime_ball, 粘液球
minecraft:chest_minecart, 运输矿车
minecraft:furnace_minecart, 动力矿车
minecraft:egg, 鸡蛋
minecraft:compass, 指南针
minecraft:fishing_rod, 钓鱼竿
minecraft:clock, 钟
minecraft:glowstone_dust, 荧石粉
minecraft:fish:0, 生鱼
minecraft:fish:1, 生鲑鱼
minecraft:fish:2, 小丑鱼
minecraft:fish:3, 河豚
minecraft:cooked_fish:0, 熟鱼
minecraft:cooked_fish:1, 熟鲑鱼
minecraft:dye:0, 墨囊
minecraft:dye:1, 玫瑰红
minecraft:dye:2, 仙人掌绿
minecraft:dye:3, 可可豆
minecraft:dye:4, 青金石
minecraft:dye:5, 紫色染料
minecraft:dye:6, 青色染料
minecraft:dye:7, 淡灰色染料
minecraft:dye:8, 灰色染料
minecraft:dye:9, 粉红色染料
minecraft:dye:10, 黄绿色染料
minecraft:dye:11, 蒲公英黄
minecraft:dye:12, 淡蓝色染料
minecraft:dye:13, 品红色染料
minecraft:dye:14, 橙色染料
minecraft:dye:15, 骨粉
minecraft:bone, 骨头
minecraft:sugar, 糖
minecraft:cake, 蛋糕
minecraft:bed:0, 白色床
minecraft:bed:1, 橙色床
minecraft:bed:2, 品红色床
minecraft:bed:3, 淡蓝色床
minecraft:bed:4, 黄色床
minecraft:bed:5, 黄绿色床
minecraft:bed:6, 粉红色床
minecraft:bed:7, 灰色床
minecraft:bed:8, 淡灰色床
minecraft:bed:9, 青色床
minecraft:bed:10, 紫色床
minecraft:bed:11, 蓝色床
minecraft:bed:12, 棕色床
minecraft:bed:13, 绿色床
minecraft:bed:14, 红色床
minecraft:bed:15, 黑色床
minecraft:repeater, 红石中继器
minecraft:cookie, 曲奇
minecraft:filled_map:0, 地图
minecraft:shears, 剪刀
minecraft:melon, 西瓜
minecraft:pumpkin_seeds, 南瓜种子
minecraft:melon_seeds, 西瓜种子
minecraft:beef, 生牛肉
minecraft:cooked_beef, 牛排
minecraft:chicken, 生鸡肉
minecraft:cooked_chicken, 熟鸡肉
minecraft:rotten_flesh, 腐肉
minecraft:ender_pearl, 末影珍珠
minecraft:blaze_rod, 烈焰棒
minecraft:ghast_tear, 恶魂之泪
minecraft:gold_nugget, 金粒
minecraft:nether_wart, 地狱疣
minecraft:potion, 药水
minecraft:glass_bottle, 玻璃瓶
minecraft:spider_eye, 蜘蛛眼
minecraft:fermented_spider_eye, 发酵蛛眼
minecraft:blaze_powder, 烈焰粉
minecraft:magma_cream, 岩浆膏
minecraft:brewing_stand, 酿造台
minecraft:cauldron, 炼药锅
minecraft:ender_eye, 末影之眼
minecraft:speckled_melon, 闪烁的西瓜
minecraft:spawn_egg, 生成
minecraft:experience_bottle, 附魔之瓶
minecraft:fire_charge, 火焰弹
minecraft:writable_book, 书与笔
minecraft:written_book, 成书
minecraft:emerald, 绿宝石
minecraft:item_frame, 物品展示框
minecraft:flower_pot, 花盆
minecraft:carrot, 胡萝卜
minecraft:potato, 马铃薯
minecraft:baked_potato, 烤马铃薯
minecraft:poisonous_potato, 毒马铃薯
minecraft:map, 空地图
minecraft:golden_carrot, 金胡萝卜
minecraft:skull:0, 骷髅头颅
minecraft:skull:1, 凋灵骷髅头颅
minecraft:skull:2, 僵尸的头
minecraft:skull:3, 头
minecraft:skull:4, 爬行者的头
minecraft:skull:5, 龙首
minecraft:carrot_on_a_stick, 胡萝卜钓竿
minecraft:nether_star, 下界之星
minecraft:pumpkin_pie, 南瓜派
minecraft:fireworks, 烟花火箭
minecraft:firework_charge, 烟火之星
minecraft:enchanted_book, 附魔书
minecraft:comparator, 红石比较器
minecraft:netherbrick, 地狱砖块
minecraft:quartz, 下界石英
minecraft:tnt_minecart, TNT矿车
minecraft:hopper_minecart, 漏斗矿车
minecraft:prismarine_shard, 海晶碎片
minecraft:prismarine_crystals, 海晶砂粒
minecraft:rabbit, 生兔肉
minecraft:cooked_rabbit, 熟兔肉
minecraft:rabbit_stew, 兔肉煲
minecraft:rabbit_foot, 兔子脚
minecraft:rabbit_hide, 兔子皮
minecraft:armor_stand, 盔甲架
minecraft:iron_horse_armor, 铁马铠
minecraft:golden_horse_armor, 金马铠
minecraft:diamond_horse_armor, 钻石马铠
minecraft:lead, 拴绳
minecraft:name_tag, 命名牌
minecraft:command_block_minecart, 命令方块矿车
minecraft:mutton, 生羊肉
minecraft:cooked_mutton, 熟羊肉
minecraft:banner:15, 白色旗帜
minecraft:banner:14, 橙色旗帜
minecraft:banner:13, 品红色旗帜
minecraft:banner:12, 淡蓝色旗帜
minecraft:banner:11, 黄色旗帜
minecraft:banner:10, 黄绿色旗帜
minecraft:banner:9, 粉红色旗帜
minecraft:banner:8, 灰色旗帜
minecraft:banner:7, 淡灰色旗帜
minecraft:banner:6, 青色旗帜
minecraft:banner:5, 紫色旗帜
minecraft:banner:4, 蓝色旗帜
minecraft:banner:3, 棕色旗帜
minecraft:banner:2, 绿色旗帜
minecraft:banner:1, 红色旗帜
minecraft:banner:0, 黑色旗帜
minecraft:end_crystal, 末影水晶
minecraft:spruce_door, 云杉木门
minecraft:birch_door, 白桦木门
minecraft:jungle_door, 丛林木门
minecraft:acacia_door, 金合欢木门
minecraft:dark_oak_door, 深色橡木门
minecraft:chorus_fruit, 紫颂果
minecraft:chorus_fruit_popped, 爆裂紫颂果
minecraft:beetroot, 甜菜根
minecraft:beetroot_seeds, 甜菜种子
minecraft:beetroot_soup, 甜菜汤
minecraft:dragon_breath, 龙息
minecraft:splash_potion, 喷溅药水
minecraft:spectral_arrow, 光灵箭
minecraft:tipped_arrow, 药箭
minecraft:lingering_potion, 滞留药水
minecraft:shield, 盾牌
minecraft:elytra, 鞘翅
minecraft:spruce_boat, 云杉木船
minecraft:birch_boat, 白桦木船
minecraft:jungle_boat, 丛林木船
minecraft:acacia_boat, 金合欢木船
minecraft:dark_oak_boat, 深色橡木船
minecraft:totem_of_undying, 不死图腾
minecraft:shulker_shell, 潜影壳
minecraft:iron_nugget, 铁粒
minecraft:knowledge_book, 知识之书
minecraft:record_13, 音乐唱片
minecraft:record_cat, 音乐唱片
minecraft:record_blocks, 音乐唱片
minecraft:record_chirp, 音乐唱片
minecraft:record_far, 音乐唱片
minecraft:record_mall, 音乐唱片
minecraft:record_mellohi, 音乐唱片
minecraft:record_stal, 音乐唱片
minecraft:record_strad, 音乐唱片
minecraft:record_ward, 音乐唱片
minecraft:record_11, 音乐唱片
minecraft:record_wait, 音乐唱片
appliedenergistics2:quartz_ore, 赛特斯石英矿石
appliedenergistics2:charged_quartz_ore, 充能赛特斯石英矿石
appliedenergistics2:matrix_frame, 矩阵框架
appliedenergistics2:quartz_block, 赛特斯石英块
appliedenergistics2:quartz_pillar, 赛特斯竖纹石英块
appliedenergistics2:chiseled_quartz_block, 錾制赛特斯石英块
appliedenergistics2:quartz_glass, 石英玻璃
appliedenergistics2:quartz_vibrant_glass, 聚能石英玻璃
appliedenergistics2:quartz_fixture, 充能石英火把
appliedenergistics2:fluix_block, 福鲁伊克斯块
appliedenergistics2:sky_stone_block, 陨石
appliedenergistics2:smooth_sky_stone_block, 陨石块
appliedenergistics2:sky_stone_brick, 陨石石砖
appliedenergistics2:sky_stone_small_brick, 陨石砖块
appliedenergistics2:sky_stone_chest, 陨石箱子
appliedenergistics2:smooth_sky_stone_chest, 陨石块箱子
appliedenergistics2:sky_compass, 陨石罗盘
appliedenergistics2:grindstone, 石英磨具
appliedenergistics2:crank, 木质曲柄
appliedenergistics2:inscriber, 压印器
appliedenergistics2:wireless_access_point, ME无线访问点
appliedenergistics2:charger, 充能器
appliedenergistics2:tiny_tnt, 迷你TNT
appliedenergistics2:security_station, ME安全终端
appliedenergistics2:quantum_ring, ME量子环
appliedenergistics2:quantum_link, ME量子链接仓
appliedenergistics2:spatial_pylon, 空间塔
appliedenergistics2:spatial_io_port, 空间IO端口
appliedenergistics2:controller, ME控制器
appliedenergistics2:drive, ME驱动器
appliedenergistics2:chest, ME箱子
appliedenergistics2:interface, ME接口
appliedenergistics2:fluid_interface, ME流体接口
appliedenergistics2:cell_workbench, 元件工作台
appliedenergistics2:io_port, ME-IO端口
appliedenergistics2:condenser, 物质聚合器
appliedenergistics2:energy_acceptor, 能源接收器
appliedenergistics2:vibration_chamber, 谐振仓
appliedenergistics2:quartz_growth_accelerator, 晶体催生器
appliedenergistics2:energy_cell, 能源元件
appliedenergistics2:dense_energy_cell, 致密能源元件
appliedenergistics2:creative_energy_cell, 创造能源元件
appliedenergistics2:crafting_unit, 合成单元
appliedenergistics2:crafting_accelerator, 并行处理单元
appliedenergistics2:crafting_storage_1k, §61k§r合成存储器
appliedenergistics2:crafting_storage_4k, §e4k§r合成存储器
appliedenergistics2:crafting_storage_16k, §a16k§r合成存储器
appliedenergistics2:crafting_storage_64k, §b64k§r合成存储器
appliedenergistics2:crafting_monitor, 合成监控器
appliedenergistics2:molecular_assembler, 分子装配室
appliedenergistics2:light_detector, 光亮探测器
appliedenergistics2:paint, tile.appliedenergistics2.paint.name
appliedenergistics2:sky_stone_stairs, 陨石楼梯
appliedenergistics2:smooth_sky_stone_stairs, 陨石块楼梯
appliedenergistics2:sky_stone_brick_stairs, 陨石石砖楼梯
appliedenergistics2:sky_stone_small_brick_stairs, 陨石砖块楼梯
appliedenergistics2:fluix_stairs, 錾制赛特斯石英楼梯
appliedenergistics2:quartz_stairs, 福鲁伊克斯楼梯
appliedenergistics2:chiseled_quartz_stairs, 竖纹赛特斯石英楼梯
appliedenergistics2:quartz_pillar_stairs, 赛特斯石英楼梯
appliedenergistics2:cable_bus, AE2线缆和（或）总线
appliedenergistics2:sky_stone_slab:0, 陨石台阶
appliedenergistics2:smooth_sky_stone_slab:0, 陨石块台阶
appliedenergistics2:sky_stone_brick_slab:0, 陨石石砖台阶
appliedenergistics2:sky_stone_small_brick_slab:0, 陨石砖块台阶
appliedenergistics2:fluix_slab:0, 福鲁伊克斯台阶
appliedenergistics2:quartz_slab:0, 赛特斯石英台阶
appliedenergistics2:chiseled_quartz_slab:0, 錾制赛特斯石英台阶
appliedenergistics2:quartz_pillar_slab:0, 竖纹赛特斯石英台阶
appliedenergistics2:certus_quartz_axe, 赛特斯石英斧
appliedenergistics2:certus_quartz_hoe, 赛特斯石英锄
appliedenergistics2:certus_quartz_spade, 赛特斯石英锹
appliedenergistics2:certus_quartz_pickaxe, 赛特斯石英镐
appliedenergistics2:certus_quartz_sword, 赛特斯石英剑
appliedenergistics2:certus_quartz_wrench, 赛特斯石英扳手
appliedenergistics2:certus_quartz_cutting_knife, 赛特斯石英切割刀
appliedenergistics2:nether_quartz_axe, 下界石英斧
appliedenergistics2:nether_quartz_hoe, 下界石英锄
appliedenergistics2:nether_quartz_spade, 下界石英锹
appliedenergistics2:nether_quartz_pickaxe, 下界石英镐
appliedenergistics2:nether_quartz_sword, 下界石英剑
appliedenergistics2:nether_quartz_wrench, 下界石英扳手
appliedenergistics2:nether_quartz_cutting_knife, 下界石英切割刀
appliedenergistics2:entropy_manipulator, 熵变机械臂
appliedenergistics2:wireless_terminal, 无线终端
appliedenergistics2:wireless_crafting_terminal, 无线合成终端
appliedenergistics2:wireless_pattern_terminal, 无线样板终端
appliedenergistics2:wireless_fluid_terminal, 无线流体终端
appliedenergistics2:wireless_interface_terminal, 无线接口终端
appliedenergistics2:charged_staff, 充能手杖
appliedenergistics2:matter_cannon, 物质炮
appliedenergistics2:portable_cell, 便携元件
appliedenergistics2:color_applicator, 染色器
appliedenergistics2:biometric_card, 身份卡
appliedenergistics2:memory_card, 内存卡
appliedenergistics2:network_tool, 网络工具
appliedenergistics2:creative_storage_cell, 创造型ME存储元件
appliedenergistics2:view_cell, 显示元件
appliedenergistics2:storage_cell_1k, §61k§r-ME存储元件
appliedenergistics2:storage_cell_4k, §e4k§r-ME存储元件
appliedenergistics2:storage_cell_16k, §a16k§r-ME存储元件
appliedenergistics2:storage_cell_64k, §b64k§r-ME存储元件
appliedenergistics2:fluid_storage_cell_1k, §61k§r-ME流体储存元件
appliedenergistics2:fluid_storage_cell_4k, §e4k§r-ME流体储存元件
appliedenergistics2:fluid_storage_cell_16k, §a16k§r-ME流体储存元件
appliedenergistics2:fluid_storage_cell_64k, §b64k§r-ME流体储存元件
appliedenergistics2:spatial_storage_cell_2_cubed, §62³§r-空间存储元件
appliedenergistics2:spatial_storage_cell_16_cubed, §916³§r-空间存储元件
appliedenergistics2:spatial_storage_cell_128_cubed, §d128³§r-空间存储元件
appliedenergistics2:facade:0, 线缆伪装板 - 石头
appliedenergistics2:facade:0, 线缆伪装板 - 花岗岩
appliedenergistics2:facade:0, 线缆伪装板 - 磨制花岗岩
appliedenergistics2:facade:0, 线缆伪装板 - 闪长岩
appliedenergistics2:facade:0, 线缆伪装板 - 磨制闪长岩
appliedenergistics2:facade:0, 线缆伪装板 - 安山岩
appliedenergistics2:facade:0, 线缆伪装板 - 磨制安山岩
appliedenergistics2:facade:0, 线缆伪装板 - 草方块
appliedenergistics2:facade:0, 线缆伪装板 - 泥土
appliedenergistics2:facade:0, 线缆伪装板 - 砂土
appliedenergistics2:facade:0, 线缆伪装板 - 灰化土
appliedenergistics2:facade:0, 线缆伪装板 - 圆石
appliedenergistics2:facade:0, 线缆伪装板 - 橡木木板
appliedenergistics2:facade:0, 线缆伪装板 - 云杉木板
appliedenergistics2:facade:0, 线缆伪装板 - 白桦木板
appliedenergistics2:facade:0, 线缆伪装板 - 丛林木板
appliedenergistics2:facade:0, 线缆伪装板 - 金合欢木板
appliedenergistics2:facade:0, 线缆伪装板 - 深色橡木木板
appliedenergistics2:facade:0, 线缆伪装板 - 基岩
appliedenergistics2:facade:0, 线缆伪装板 - 沙子
appliedenergistics2:facade:0, 线缆伪装板 - 红沙
appliedenergistics2:facade:0, 线缆伪装板 - 沙砾
appliedenergistics2:facade:0, 线缆伪装板 - 金矿石
appliedenergistics2:facade:0, 线缆伪装板 - 铁矿石
appliedenergistics2:facade:0, 线缆伪装板 - 煤矿石
appliedenergistics2:facade:0, 线缆伪装板 - 橡木
appliedenergistics2:facade:0, 线缆伪装板 - 云杉木
appliedenergistics2:facade:0, 线缆伪装板 - 白桦木
appliedenergistics2:facade:0, 线缆伪装板 - 丛林木
appliedenergistics2:facade:0, 线缆伪装板 - 橡树树叶
appliedenergistics2:facade:0, 线缆伪装板 - 云杉树叶
appliedenergistics2:facade:0, 线缆伪装板 - 白桦树叶
appliedenergistics2:facade:0, 线缆伪装板 - 丛林树叶
appliedenergistics2:facade:0, 线缆伪装板 - 海绵
appliedenergistics2:facade:0, 线缆伪装板 - 湿海绵
appliedenergistics2:facade:0, 线缆伪装板 - 玻璃
appliedenergistics2:facade:0, 线缆伪装板 - 青金石矿石
appliedenergistics2:facade:0, 线缆伪装板 - 青金石块
appliedenergistics2:facade:0, 线缆伪装板 - 砂岩
appliedenergistics2:facade:0, 线缆伪装板 - 錾制砂岩
appliedenergistics2:facade:0, 线缆伪装板 - 平滑砂岩
appliedenergistics2:facade:0, 线缆伪装板 - 白色羊毛
appliedenergistics2:facade:0, 线缆伪装板 - 橙色羊毛
appliedenergistics2:facade:0, 线缆伪装板 - 品红色羊毛
appliedenergistics2:facade:0, 线缆伪装板 - 淡蓝色羊毛
appliedenergistics2:facade:0, 线缆伪装板 - 黄色羊毛
appliedenergistics2:facade:0, 线缆伪装板 - 黄绿色羊毛
appliedenergistics2:facade:0, 线缆伪装板 - 粉红色羊毛
appliedenergistics2:facade:0, 线缆伪装板 - 灰色羊毛
appliedenergistics2:facade:0, 线缆伪装板 - 淡灰色羊毛
appliedenergistics2:facade:0, 线缆伪装板 - 青色羊毛
appliedenergistics2:facade:0, 线缆伪装板 - 紫色羊毛
appliedenergistics2:facade:0, 线缆伪装板 - 蓝色羊毛
appliedenergistics2:facade:0, 线缆伪装板 - 棕色羊毛
appliedenergistics2:facade:0, 线缆伪装板 - 绿色羊毛
appliedenergistics2:facade:0, 线缆伪装板 - 红色羊毛
appliedenergistics2:facade:0, 线缆伪装板 - 黑色羊毛
appliedenergistics2:facade:0, 线缆伪装板 - 金块
appliedenergistics2:facade:0, 线缆伪装板 - 铁块
appliedenergistics2:facade:0, 线缆伪装板 - 砖块
appliedenergistics2:facade:0, 线缆伪装板 - TNT
appliedenergistics2:facade:0, 线缆伪装板 - 书架
appliedenergistics2:facade:0, 线缆伪装板 - 苔石
appliedenergistics2:facade:0, 线缆伪装板 - 黑曜石
appliedenergistics2:facade:0, 线缆伪装板 - 钻石矿石
appliedenergistics2:facade:0, 线缆伪装板 - 钻石块
appliedenergistics2:facade:0, 线缆伪装板 - 工作台
appliedenergistics2:facade:0, 线缆伪装板 - 红石矿石
appliedenergistics2:facade:0, 线缆伪装板 - 冰
appliedenergistics2:facade:0, 线缆伪装板 - 雪
appliedenergistics2:facade:0, 线缆伪装板 - 粘土块
appliedenergistics2:facade:0, 线缆伪装板 - 南瓜
appliedenergistics2:facade:0, 线缆伪装板 - 地狱岩
appliedenergistics2:facade:0, 线缆伪装板 - 灵魂沙
appliedenergistics2:facade:0, 线缆伪装板 - 荧石
appliedenergistics2:facade:0, 线缆伪装板 - 南瓜灯
appliedenergistics2:facade:0, 线缆伪装板 - 白色染色玻璃
appliedenergistics2:facade:0, 线缆伪装板 - 橙色染色玻璃
appliedenergistics2:facade:0, 线缆伪装板 - 品红色染色玻璃
appliedenergistics2:facade:0, 线缆伪装板 - 淡蓝色染色玻璃
appliedenergistics2:facade:0, 线缆伪装板 - 黄色染色玻璃
appliedenergistics2:facade:0, 线缆伪装板 - 黄绿色染色玻璃
appliedenergistics2:facade:0, 线缆伪装板 - 粉红色染色玻璃
appliedenergistics2:facade:0, 线缆伪装板 - 灰色染色玻璃
appliedenergistics2:facade:0, 线缆伪装板 - 淡灰色染色玻璃
appliedenergistics2:facade:0, 线缆伪装板 - 青色染色玻璃
appliedenergistics2:facade:0, 线缆伪装板 - 紫色染色玻璃
appliedenergistics2:facade:0, 线缆伪装板 - 蓝色染色玻璃
appliedenergistics2:facade:0, 线缆伪装板 - 棕色染色玻璃
appliedenergistics2:facade:0, 线缆伪装板 - 绿色染色玻璃
appliedenergistics2:facade:0, 线缆伪装板 - 红色染色玻璃
appliedenergistics2:facade:0, 线缆伪装板 - 黑色染色玻璃
appliedenergistics2:facade:0, 线缆伪装板 - 石头怪物蛋
appliedenergistics2:facade:0, 线缆伪装板 - 圆石怪物蛋
appliedenergistics2:facade:0, 线缆伪装板 - 石砖怪物蛋
appliedenergistics2:facade:0, 线缆伪装板 - 苔石砖怪物蛋
appliedenergistics2:facade:0, 线缆伪装板 - 裂石砖怪物蛋
appliedenergistics2:facade:0, 线缆伪装板 - 錾制石砖怪物蛋
appliedenergistics2:facade:0, 线缆伪装板 - 石砖
appliedenergistics2:facade:0, 线缆伪装板 - 苔石砖
appliedenergistics2:facade:0, 线缆伪装板 - 裂石砖
appliedenergistics2:facade:0, 线缆伪装板 - 錾制石砖
appliedenergistics2:facade:0, 线缆伪装板 - 蘑菇
appliedenergistics2:facade:0, 线缆伪装板 - 蘑菇
appliedenergistics2:facade:0, 线缆伪装板 - 西瓜
appliedenergistics2:facade:0, 线缆伪装板 - 菌丝
appliedenergistics2:facade:0, 线缆伪装板 - 地狱砖
appliedenergistics2:facade:0, 线缆伪装板 - 末地石
appliedenergistics2:facade:0, 线缆伪装板 - 红石灯
appliedenergistics2:facade:0, 线缆伪装板 - 绿宝石矿石
appliedenergistics2:facade:0, 线缆伪装板 - 绿宝石块
appliedenergistics2:facade:0, 线缆伪装板 - 红石块
appliedenergistics2:facade:0, 线缆伪装板 - 下界石英矿石
appliedenergistics2:facade:0, 线缆伪装板 - 石英块
appliedenergistics2:facade:0, 线缆伪装板 - 錾制石英块
appliedenergistics2:facade:0, 线缆伪装板 - 竖纹石英块
appliedenergistics2:facade:0, 线缆伪装板 - 白色陶瓦
appliedenergistics2:facade:0, 线缆伪装板 - 橙色陶瓦
appliedenergistics2:facade:0, 线缆伪装板 - 品红色陶瓦
appliedenergistics2:facade:0, 线缆伪装板 - 淡蓝色陶瓦
appliedenergistics2:facade:0, 线缆伪装板 - 黄色陶瓦
appliedenergistics2:facade:0, 线缆伪装板 - 黄绿色陶瓦
appliedenergistics2:facade:0, 线缆伪装板 - 粉红色陶瓦
appliedenergistics2:facade:0, 线缆伪装板 - 灰色陶瓦
appliedenergistics2:facade:0, 线缆伪装板 - 淡灰色陶瓦
appliedenergistics2:facade:0, 线缆伪装板 - 青色陶瓦
appliedenergistics2:facade:0, 线缆伪装板 - 紫色陶瓦
appliedenergistics2:facade:0, 线缆伪装板 - 蓝色陶瓦
appliedenergistics2:facade:0, 线缆伪装板 - 棕色陶瓦
appliedenergistics2:facade:0, 线缆伪装板 - 绿色陶瓦
appliedenergistics2:facade:0, 线缆伪装板 - 红色陶瓦
appliedenergistics2:facade:0, 线缆伪装板 - 黑色陶瓦
appliedenergistics2:facade:0, 线缆伪装板 - 金合欢树叶
appliedenergistics2:facade:0, 线缆伪装板 - 深色橡树树叶
appliedenergistics2:facade:0, 线缆伪装板 - 金合欢木
appliedenergistics2:facade:0, 线缆伪装板 - 深色橡木
appliedenergistics2:facade:0, 线缆伪装板 - 粘液块
appliedenergistics2:facade:0, 线缆伪装板 - 海晶石
appliedenergistics2:facade:0, 线缆伪装板 - 海晶石砖
appliedenergistics2:facade:0, 线缆伪装板 - 暗海晶石
appliedenergistics2:facade:0, 线缆伪装板 - 海晶灯
appliedenergistics2:facade:0, 线缆伪装板 - 干草块
appliedenergistics2:facade:0, 线缆伪装板 - 陶瓦
appliedenergistics2:facade:0, 线缆伪装板 - 煤炭块
appliedenergistics2:facade:0, 线缆伪装板 - 浮冰
appliedenergistics2:facade:0, 线缆伪装板 - 红砂岩
appliedenergistics2:facade:0, 线缆伪装板 - 錾制红砂岩
appliedenergistics2:facade:0, 线缆伪装板 - 平滑红砂岩
appliedenergistics2:facade:0, 线缆伪装板 - 紫珀块
appliedenergistics2:facade:0, 线缆伪装板 - 竖纹紫珀块
appliedenergistics2:facade:0, 线缆伪装板 - 末地石砖
appliedenergistics2:facade:0, 线缆伪装板 - 岩浆块
appliedenergistics2:facade:0, 线缆伪装板 - 地狱疣块
appliedenergistics2:facade:0, 线缆伪装板 - 红色地狱砖
appliedenergistics2:facade:0, 线缆伪装板 - 骨块
appliedenergistics2:facade:0, 线缆伪装板 - 侦测器
appliedenergistics2:facade:0, 线缆伪装板 - 白色带釉陶瓦
appliedenergistics2:facade:0, 线缆伪装板 - 橙色带釉陶瓦
appliedenergistics2:facade:0, 线缆伪装板 - 品红色带釉陶瓦
appliedenergistics2:facade:0, 线缆伪装板 - 淡蓝色带釉陶瓦
appliedenergistics2:facade:0, 线缆伪装板 - 黄色带釉陶瓦
appliedenergistics2:facade:0, 线缆伪装板 - 黄绿色带釉陶瓦
appliedenergistics2:facade:0, 线缆伪装板 - 粉红色带釉陶瓦
appliedenergistics2:facade:0, 线缆伪装板 - 灰色带釉陶瓦
appliedenergistics2:facade:0, 线缆伪装板 - 淡灰色带釉陶瓦
appliedenergistics2:facade:0, 线缆伪装板 - 青色带釉陶瓦
appliedenergistics2:facade:0, 线缆伪装板 - 紫色带釉陶瓦
appliedenergistics2:facade:0, 线缆伪装板 - 蓝色带釉陶瓦
appliedenergistics2:facade:0, 线缆伪装板 - 棕色带釉陶瓦
appliedenergistics2:facade:0, 线缆伪装板 - 绿色带釉陶瓦
appliedenergistics2:facade:0, 线缆伪装板 - 红色带釉陶瓦
appliedenergistics2:facade:0, 线缆伪装板 - 黑色带釉陶瓦
appliedenergistics2:facade:0, 线缆伪装板 - 白色混凝土
appliedenergistics2:facade:0, 线缆伪装板 - 橙色混凝土
appliedenergistics2:facade:0, 线缆伪装板 - 品红色混凝土
appliedenergistics2:facade:0, 线缆伪装板 - 淡蓝色混凝土
appliedenergistics2:facade:0, 线缆伪装板 - 黄色混凝土
appliedenergistics2:facade:0, 线缆伪装板 - 黄绿色混凝土
appliedenergistics2:facade:0, 线缆伪装板 - 粉红色混凝土
appliedenergistics2:facade:0, 线缆伪装板 - 灰色混凝土
appliedenergistics2:facade:0, 线缆伪装板 - 淡灰色混凝土
appliedenergistics2:facade:0, 线缆伪装板 - 青色混凝土
appliedenergistics2:facade:0, 线缆伪装板 - 紫色混凝土
appliedenergistics2:facade:0, 线缆伪装板 - 蓝色混凝土
appliedenergistics2:facade:0, 线缆伪装板 - 棕色混凝土
appliedenergistics2:facade:0, 线缆伪装板 - 绿色混凝土
appliedenergistics2:facade:0, 线缆伪装板 - 红色混凝土
appliedenergistics2:facade:0, 线缆伪装板 - 黑色混凝土
appliedenergistics2:facade:0, 线缆伪装板 - 白色混凝土粉末
appliedenergistics2:facade:0, 线缆伪装板 - 橙色混凝土粉末
appliedenergistics2:facade:0, 线缆伪装板 - 品红色混凝土粉末
appliedenergistics2:facade:0, 线缆伪装板 - 淡蓝色混凝土粉末
appliedenergistics2:facade:0, 线缆伪装板 - 黄色混凝土粉末
appliedenergistics2:facade:0, 线缆伪装板 - 黄绿色混凝土粉末
appliedenergistics2:facade:0, 线缆伪装板 - 粉红色混凝土粉末
appliedenergistics2:facade:0, 线缆伪装板 - 灰色混凝土粉末
appliedenergistics2:facade:0, 线缆伪装板 - 淡灰色混凝土粉末
appliedenergistics2:facade:0, 线缆伪装板 - 青色混凝土粉末
appliedenergistics2:facade:0, 线缆伪装板 - 紫色混凝土粉末
appliedenergistics2:facade:0, 线缆伪装板 - 蓝色混凝土粉末
appliedenergistics2:facade:0, 线缆伪装板 - 棕色混凝土粉末
appliedenergistics2:facade:0, 线缆伪装板 - 绿色混凝土粉末
appliedenergistics2:facade:0, 线缆伪装板 - 红色混凝土粉末
appliedenergistics2:facade:0, 线缆伪装板 - 黑色混凝土粉末
appliedenergistics2:facade:0, 线缆伪装板 - 赛特斯石英矿石
appliedenergistics2:facade:0, 线缆伪装板 - 充能赛特斯石英矿石
appliedenergistics2:facade:0, 线缆伪装板 - 赛特斯石英块
appliedenergistics2:facade:0, 线缆伪装板 - 赛特斯竖纹石英块
appliedenergistics2:facade:0, 线缆伪装板 - 錾制赛特斯石英块
appliedenergistics2:facade:0, 线缆伪装板 - 石英玻璃
appliedenergistics2:facade:0, 线缆伪装板 - 聚能石英玻璃
appliedenergistics2:facade:0, 线缆伪装板 - 福鲁伊克斯块
appliedenergistics2:facade:0, 线缆伪装板 - 陨石
appliedenergistics2:facade:0, 线缆伪装板 - 陨石块
appliedenergistics2:facade:0, 线缆伪装板 - 陨石石砖
appliedenergistics2:facade:0, 线缆伪装板 - 陨石砖块
appliedenergistics2:crystal_seed:0, 赛特斯石英种子
appliedenergistics2:crystal_seed:600, 下界石英种子
appliedenergistics2:crystal_seed:1200, 福鲁伊克斯种子
appliedenergistics2:crystal_seed:0, 赛特斯石英种子
appliedenergistics2:crystal_seed:600, 下界石英种子
appliedenergistics2:crystal_seed:1200, 福鲁伊克斯种子
appliedenergistics2:crystal_seed:0, 赛特斯石英种子
appliedenergistics2:crystal_seed:600, 下界石英种子
appliedenergistics2:crystal_seed:1200, 福鲁伊克斯种子
appliedenergistics2:encoded_pattern, 编码样板
appliedenergistics2:paint_ball:0, 染色球 - 白色
appliedenergistics2:paint_ball:1, 染色球 - 橙色
appliedenergistics2:paint_ball:2, 染色球 - 品红色
appliedenergistics2:paint_ball:3, 染色球 - 浅蓝色
appliedenergistics2:paint_ball:4, 染色球 - 黄色
appliedenergistics2:paint_ball:5, 染色球 - 柠檬色
appliedenergistics2:paint_ball:6, 染色球 - 粉色
appliedenergistics2:paint_ball:7, 染色球 - 灰色
appliedenergistics2:paint_ball:8, 染色球 - 浅灰色
appliedenergistics2:paint_ball:9, 染色球 - 青色
appliedenergistics2:paint_ball:10, 染色球 - 紫色
appliedenergistics2:paint_ball:11, 染色球 - 蓝色
appliedenergistics2:paint_ball:12, 染色球 - 棕色
appliedenergistics2:paint_ball:13, 染色球 - 绿色
appliedenergistics2:paint_ball:14, 染色球 - 红色
appliedenergistics2:paint_ball:15, 染色球 - 黑色
appliedenergistics2:paint_ball:20, 染色球 - 光通 白色
appliedenergistics2:paint_ball:21, 染色球 - 光通 橙色
appliedenergistics2:paint_ball:22, 染色球 - 光通 品红色
appliedenergistics2:paint_ball:23, 染色球 - 光通 浅蓝色
appliedenergistics2:paint_ball:24, 染色球 - 光通 黄色
appliedenergistics2:paint_ball:25, 染色球 - 光通 柠檬色
appliedenergistics2:paint_ball:26, 染色球 - 光通 粉色
appliedenergistics2:paint_ball:27, 染色球 - 光通 灰色
appliedenergistics2:paint_ball:28, 染色球 - 光通 浅灰色
appliedenergistics2:paint_ball:29, 染色球 - 光通 青色
appliedenergistics2:paint_ball:30, 染色球 - 光通 紫色
appliedenergistics2:paint_ball:31, 染色球 - 光通 蓝色
appliedenergistics2:paint_ball:32, 染色球 - 光通 棕色
appliedenergistics2:paint_ball:33, 染色球 - 光通 绿色
appliedenergistics2:paint_ball:34, 染色球 - 光通 红色
appliedenergistics2:paint_ball:35, 染色球 - 光通 黑色
appliedenergistics2:dummy_fluid_item, item.appliedenergistics2.dummy_fluid_item.name
appliedenergistics2:material:28, 高级卡
appliedenergistics2:material:44, 破坏核心
appliedenergistics2:material:25, 基础卡
appliedenergistics2:material:52, 空白样板
appliedenergistics2:material:23, 运算处理器
appliedenergistics2:material:13, 运算压印模板
appliedenergistics2:material:16, 运算电路板
appliedenergistics2:material:27, 容量卡
appliedenergistics2:material:53, 合成卡
appliedenergistics2:material:29, 模糊卡
appliedenergistics2:material:31, 反相卡
appliedenergistics2:material:60, 磁引卡
appliedenergistics2:material:58, 样板扩展卡
appliedenergistics2:material:59, 量子链接卡
appliedenergistics2:material:26, 红石卡
appliedenergistics2:material:30, 加速卡
appliedenergistics2:material:61, 粘滞卡
appliedenergistics2:material:34, §d128³§r-空间组件
appliedenergistics2:material:37, §a16k§r-ME存储组件
appliedenergistics2:material:33, §916³§r-空间组件
appliedenergistics2:material:35, §61k§r-ME存储组件
appliedenergistics2:material:32, §62³§r-空间组件
appliedenergistics2:material:36, §e4k§r-ME存储组件
appliedenergistics2:material:38, §b64k§r-ME存储组件
appliedenergistics2:material:0, 赛特斯石英水晶
appliedenergistics2:material:1, 充能赛特斯石英水晶
appliedenergistics2:material:2, 赛特斯石英粉
appliedenergistics2:material:39, ME存储外壳
appliedenergistics2:material:46, 末影粉
appliedenergistics2:material:24, 工程处理器
appliedenergistics2:material:14, 工程压印模板
appliedenergistics2:material:17, 工程电路板
appliedenergistics2:material:4, 面粉
appliedenergistics2:material:56, §a16k§r-ME流体存储组件
appliedenergistics2:material:54, §61k§r-ME流体存储组件
appliedenergistics2:material:55, §e4k§r-ME流体存储组件
appliedenergistics2:material:57, §b64k§r-ME流体存储组件
appliedenergistics2:material:7, 福鲁伊克斯水晶
appliedenergistics2:material:8, 福鲁伊克斯粉
appliedenergistics2:material:9, 福鲁伊克斯珍珠
appliedenergistics2:material:43, 成型核心
appliedenergistics2:material:51, 金粉
appliedenergistics2:material:49, 铁粉
appliedenergistics2:material:22, 逻辑处理器
appliedenergistics2:material:15, 逻辑压印模板
appliedenergistics2:material:18, 逻辑电路板
appliedenergistics2:material:6, 物质球
appliedenergistics2:material:21, 名称压印模板
appliedenergistics2:material:3, 下界石英粉
appliedenergistics2:material:10, 高纯赛特斯石英水晶
appliedenergistics2:material:12, 高纯福鲁伊克斯水晶
appliedenergistics2:material:11, 高纯下界石英水晶
appliedenergistics2:material:48, 量子缠绕态奇点
appliedenergistics2:material:5, 硅
appliedenergistics2:material:19, 硅压印模板
appliedenergistics2:material:20, 硅板
appliedenergistics2:material:47, 奇点
appliedenergistics2:material:45, 陨石粉
appliedenergistics2:material:41, 无线接收器
appliedenergistics2:material:42, 无线信号增幅器
appliedenergistics2:material:40, 木齿轮
appliedenergistics2:part:300, ME破坏面板
appliedenergistics2:part:120, 线缆锚
appliedenergistics2:part:20, ME包层线缆 - 白色
appliedenergistics2:part:21, ME包层线缆 - 橙色
appliedenergistics2:part:22, ME包层线缆 - 品红色
appliedenergistics2:part:23, ME包层线缆 - 浅蓝色
appliedenergistics2:part:24, ME包层线缆 - 黄色
appliedenergistics2:part:25, ME包层线缆 - 柠檬色
appliedenergistics2:part:26, ME包层线缆 - 粉色
appliedenergistics2:part:27, ME包层线缆 - 灰色
appliedenergistics2:part:28, ME包层线缆 - 浅灰色
appliedenergistics2:part:29, ME包层线缆 - 青色
appliedenergistics2:part:30, ME包层线缆 - 紫色
appliedenergistics2:part:31, ME包层线缆 - 蓝色
appliedenergistics2:part:32, ME包层线缆 - 棕色
appliedenergistics2:part:33, ME包层线缆 - 绿色
appliedenergistics2:part:34, ME包层线缆 - 红色
appliedenergistics2:part:35, ME包层线缆 - 黑色
appliedenergistics2:part:36, ME包层线缆 - 福鲁伊克斯色
appliedenergistics2:part:500, ME致密包层线缆 - 白色
appliedenergistics2:part:501, ME致密包层线缆 - 橙色
appliedenergistics2:part:502, ME致密包层线缆 - 品红色
appliedenergistics2:part:503, ME致密包层线缆 - 浅蓝色
appliedenergistics2:part:504, ME致密包层线缆 - 黄色
appliedenergistics2:part:505, ME致密包层线缆 - 柠檬色
appliedenergistics2:part:506, ME致密包层线缆 - 粉色
appliedenergistics2:part:507, ME致密包层线缆 - 灰色
appliedenergistics2:part:508, ME致密包层线缆 - 浅灰色
appliedenergistics2:part:509, ME致密包层线缆 - 青色
appliedenergistics2:part:510, ME致密包层线缆 - 紫色
appliedenergistics2:part:511, ME致密包层线缆 - 蓝色
appliedenergistics2:part:512, ME致密包层线缆 - 棕色
appliedenergistics2:part:513, ME致密包层线缆 - 绿色
appliedenergistics2:part:514, ME致密包层线缆 - 红色
appliedenergistics2:part:515, ME致密包层线缆 - 黑色
appliedenergistics2:part:516, ME致密包层线缆 - 福鲁伊克斯色
appliedenergistics2:part:60, ME致密线缆 - 白色
appliedenergistics2:part:61, ME致密线缆 - 橙色
appliedenergistics2:part:62, ME致密线缆 - 品红色
appliedenergistics2:part:63, ME致密线缆 - 浅蓝色
appliedenergistics2:part:64, ME致密线缆 - 黄色
appliedenergistics2:part:65, ME致密线缆 - 柠檬色
appliedenergistics2:part:66, ME致密线缆 - 粉色
appliedenergistics2:part:67, ME致密线缆 - 灰色
appliedenergistics2:part:68, ME致密线缆 - 浅灰色
appliedenergistics2:part:69, ME致密线缆 - 青色
appliedenergistics2:part:70, ME致密线缆 - 紫色
appliedenergistics2:part:71, ME致密线缆 - 蓝色
appliedenergistics2:part:72, ME致密线缆 - 棕色
appliedenergistics2:part:73, ME致密线缆 - 绿色
appliedenergistics2:part:74, ME致密线缆 - 红色
appliedenergistics2:part:75, ME致密线缆 - 黑色
appliedenergistics2:part:76, ME致密线缆 - 福鲁伊克斯色
appliedenergistics2:part:0, ME玻璃线缆 - 白色
appliedenergistics2:part:1, ME玻璃线缆 - 橙色
appliedenergistics2:part:2, ME玻璃线缆 - 品红色
appliedenergistics2:part:3, ME玻璃线缆 - 浅蓝色
appliedenergistics2:part:4, ME玻璃线缆 - 黄色
appliedenergistics2:part:5, ME玻璃线缆 - 柠檬色
appliedenergistics2:part:6, ME玻璃线缆 - 粉色
appliedenergistics2:part:7, ME玻璃线缆 - 灰色
appliedenergistics2:part:8, ME玻璃线缆 - 浅灰色
appliedenergistics2:part:9, ME玻璃线缆 - 青色
appliedenergistics2:part:10, ME玻璃线缆 - 紫色
appliedenergistics2:part:11, ME玻璃线缆 - 蓝色
appliedenergistics2:part:12, ME玻璃线缆 - 棕色
appliedenergistics2:part:13, ME玻璃线缆 - 绿色
appliedenergistics2:part:14, ME玻璃线缆 - 红色
appliedenergistics2:part:15, ME玻璃线缆 - 黑色
appliedenergistics2:part:16, ME玻璃线缆 - 福鲁伊克斯色
appliedenergistics2:part:40, ME智能线缆 - 白色
appliedenergistics2:part:41, ME智能线缆 - 橙色
appliedenergistics2:part:42, ME智能线缆 - 品红色
appliedenergistics2:part:43, ME智能线缆 - 浅蓝色
appliedenergistics2:part:44, ME智能线缆 - 黄色
appliedenergistics2:part:45, ME智能线缆 - 柠檬色
appliedenergistics2:part:46, ME智能线缆 - 粉色
appliedenergistics2:part:47, ME智能线缆 - 灰色
appliedenergistics2:part:48, ME智能线缆 - 浅灰色
appliedenergistics2:part:49, ME智能线缆 - 青色
appliedenergistics2:part:50, ME智能线缆 - 紫色
appliedenergistics2:part:51, ME智能线缆 - 蓝色
appliedenergistics2:part:52, ME智能线缆 - 棕色
appliedenergistics2:part:53, ME智能线缆 - 绿色
appliedenergistics2:part:54, ME智能线缆 - 红色
appliedenergistics2:part:55, ME智能线缆 - 黑色
appliedenergistics2:part:56, ME智能线缆 - 福鲁伊克斯色
appliedenergistics2:part:420, ME交换监控器
appliedenergistics2:part:360, ME合成终端
appliedenergistics2:part:200, 暗色照明面板
appliedenergistics2:part:341, ME增广样板终端
appliedenergistics2:part:260, ME输出总线
appliedenergistics2:part:302, ME流体破坏面板
appliedenergistics2:part:261, ME流体输出总线
appliedenergistics2:part:321, ME流体成型面板
appliedenergistics2:part:241, ME流体输入总线
appliedenergistics2:part:441, ME流体接口
appliedenergistics2:part:522, ME流体接口配置终端
appliedenergistics2:part:281, ME流体标准发信器
appliedenergistics2:part:221, ME流体储存总线
appliedenergistics2:part:520, ME流体终端
appliedenergistics2:part:320, ME成型面板
appliedenergistics2:part:301, ME精准破坏面板
appliedenergistics2:part:240, ME输入总线
appliedenergistics2:part:440, ME接口
appliedenergistics2:part:521, ME接口配置终端
appliedenergistics2:part:480, ME接口终端
appliedenergistics2:part:100, ME反相触发总线
appliedenergistics2:part:280, ME标准发信器
appliedenergistics2:part:160, 亮色照明面板
appliedenergistics2:part:222, ME矿典存储总线
appliedenergistics2:part:469, P2P通道 - FE
appliedenergistics2:part:463, P2P通道 - 流体
appliedenergistics2:part:462, P2P通道 - 物品
appliedenergistics2:part:467, P2P通道 - 光
appliedenergistics2:part:460, P2P通道 - ME
appliedenergistics2:part:461, P2P通道 - 红石
appliedenergistics2:part:340, ME样板终端
appliedenergistics2:part:140, 石英纤维
appliedenergistics2:part:180, 照明面板
appliedenergistics2:part:220, ME存储总线
appliedenergistics2:part:400, ME存储监控器
appliedenergistics2:part:380, ME终端
appliedenergistics2:part:80, ME触发总线